teacher_id,name,surname,department_id,email
1,Carlo,Rossi,1,c.rossi@university.edu
2,Laura,Bianchi,1,l.bianchi@university.edu
3,Marco,Verdi,2,m.verdi@university.edu
4,Elisa,Neri,1,e.neri@university.edu
5,Antonio,Gallo,2,a.gallo@university.edu
6,Giulia,Colombo,1,g.colombo@university.edu
7,Francesco,Conti,1,f.conti@university.edu
8,Alessandro,Moretti,1,a.moretti@university.edu
9,Luca,Esposito,1,l.esposito@university.edu
10,Maria,Ferrari,1,m.ferrari@university.edu